﻿<?xml version="1.0" encoding="utf-8"?>
<Deployment xmlns="http://schemas.microsoft.com/windowsphone/2009/deployment"
            AppPlatformVersion="7.0">
  <App xmlns=""
       ProductID="{71d20842-9acc-4f2f-b0e0-8ef79842ea53}"
       Title="Mobile Time Track"
       RuntimeType="Silverlight"
       Version="1.0.0.0"
       Genre="apps.normal"
       Author="PDSA, Inc."
       Description="Mobile Time Track"
       Publisher="PDSA, Inc.">
    <IconPath IsRelative="true"
              IsResource="false">T.png</IconPath>
    <Capabilities>
      <Capability Name="ID_CAP_GAMERSERVICES" />
      <Capability Name="ID_CAP_IDENTITY_DEVICE" />
      <Capability Name="ID_CAP_IDENTITY_USER" />
      <Capability Name="ID_CAP_LOCATION" />
      <Capability Name="ID_CAP_MEDIALIB" />
      <Capability Name="ID_CAP_MICROPHONE" />
      <Capability Name="ID_CAP_NETWORKING" />
      <Capability Name="ID_CAP_PHONEDIALER" />
      <Capability Name="ID_CAP_PUSH_NOTIFICATION" />
      <Capability Name="ID_CAP_SENSORS" />
      <Capability Name="ID_CAP_WEBBROWSERCOMPONENT" />
    </Capabilities>
    <Tasks>
      <DefaultTask Name="_default"
                   NavigationPage="MainPage.xaml" />
    </Tasks>
    <Tokens>
      <PrimaryToken TokenID="TimeTrack.WinPhoneToken"
                    TaskName="_default">
        <TemplateType5>
          <BackgroundImageURI IsRelative="true"
                              IsResource="true">Background.png</BackgroundImageURI>
          <Count>0</Count>
          <Title>Mobile Time Track</Title>
        </TemplateType5>
      </PrimaryToken>
    </Tokens>
  </App>
</Deployment>